{ "_id" : "IRR", "totalCredits" : 26504.239999999998, "avgCredits" : 26504.239999999998 }
{ "_id" : "MNT", "totalCredits" : 21715.61, "avgCredits" : 21715.61 }
{ "_id" : "ETB", "totalCredits" : 5436.11, "avgCredits" : 5436.11 }
{ "_id" : "BWP", "totalCredits" : 4076.29, "avgCredits" : 4076.29 }
{ "_id" : "TJS", "totalCredits" : 4087.71, "avgCredits" : 4087.71 }
{ "_id" : "BGN", "totalCredits" : 21200.88, "avgCredits" : 21200.88 }
{ "_id" : "PLN", "totalCredits" : 90870.78, "avgCredits" : 90870.78 }
{ "_id" : "VUV", "totalCredits" : 6418.27, "avgCredits" : 6418.27 }
{ "_id" : "MAD", "totalCredits" : 3818.85, "avgCredits" : 3818.85 }
{ "_id" : "TZS", "totalCredits" : 7052.370000000001, "avgCredits" : 7052.370000000001 }
{ "_id" : "AMD", "totalCredits" : 24609.33, "avgCredits" : 24609.33 }
{ "_id" : "MMK", "totalCredits" : 4629.42, "avgCredits" : 4629.42 }
{ "_id" : "MKD", "totalCredits" : 3835.05, "avgCredits" : 3835.05 }
{ "_id" : "VND", "totalCredits" : 36160.26, "avgCredits" : 36160.26 }
{ "_id" : "MYR", "totalCredits" : 4781.12, "avgCredits" : 4781.12 }
{ "_id" : "UAH", "totalCredits" : 40471.840000000004, "avgCredits" : 40471.840000000004 }
{ "_id" : "IDR", "totalCredits" : 323922.59, "avgCredits" : 323922.59 }
{ "_id" : "CDF", "totalCredits" : 12228.8, "avgCredits" : 12228.8 }
{ "_id" : "SRD", "totalCredits" : 5286.68, "avgCredits" : 5286.68 }
{ "_id" : "IQD", "totalCredits" : 4269.39, "avgCredits" : 4269.39 }
{ "_id" : "NOK", "totalCredits" : 4773.66, "avgCredits" : 4773.66 }
{ "_id" : "XAF", "totalCredits" : 14094.66, "avgCredits" : 14094.66 }
{ "_id" : "ALL", "totalCredits" : 3325.48, "avgCredits" : 3325.48 }
{ "_id" : "NZD", "totalCredits" : 5328.46, "avgCredits" : 5328.46 }
{ "_id" : "PYG", "totalCredits" : 4874.69, "avgCredits" : 4874.69 }
{ "_id" : "ARS", "totalCredits" : 23242, "avgCredits" : 23242 }
{ "_id" : "GTQ", "totalCredits" : 5806.3, "avgCredits" : 5806.3 }
{ "_id" : "RSD", "totalCredits" : 4276.56, "avgCredits" : 4276.56 }
{ "_id" : "CZK", "totalCredits" : 37156.42, "avgCredits" : 37156.42 }
{ "_id" : "ZAR", "totalCredits" : 11790.92, "avgCredits" : 11790.92 }
{ "_id" : "USD", "totalCredits" : 74680.98, "avgCredits" : 74680.98 }
{ "_id" : "NGN", "totalCredits" : 24946.23, "avgCredits" : 24946.23 }
{ "_id" : "CUP", "totalCredits" : 15017.34, "avgCredits" : 15017.34 }
{ "_id" : "KYD", "totalCredits" : 3760.89, "avgCredits" : 3760.89 }
{ "_id" : "YER", "totalCredits" : 13712.5, "avgCredits" : 13712.5 }
{ "_id" : "UZS", "totalCredits" : 3573.03, "avgCredits" : 3573.03 }
{ "_id" : "MGA", "totalCredits" : 14560.99, "avgCredits" : 14560.99 }
{ "_id" : "RUB", "totalCredits" : 119749.15, "avgCredits" : 119749.15 }
{ "_id" : "CLP", "totalCredits" : 21008.95, "avgCredits" : 21008.95 }
{ "_id" : "XPF", "totalCredits" : 4759.07, "avgCredits" : 4759.07 }
{ "_id" : "COP", "totalCredits" : 19746.73, "avgCredits" : 19746.73 }
{ "_id" : "BOB", "totalCredits" : 5263.3, "avgCredits" : 5263.3 }
{ "_id" : "BRL", "totalCredits" : 49632.020000000004, "avgCredits" : 49632.020000000004 }
{ "_id" : "BYR", "totalCredits" : 5095.79, "avgCredits" : 5095.79 }
{ "_id" : "ISK", "totalCredits" : 4316.41, "avgCredits" : 4316.41 }
{ "_id" : "XOF", "totalCredits" : 17882.05, "avgCredits" : 17882.05 }
{ "_id" : "PHP", "totalCredits" : 118606.28, "avgCredits" : 118606.28 }
{ "_id" : "HRK", "totalCredits" : 24354.82, "avgCredits" : 24354.82 }
{ "_id" : "CAD", "totalCredits" : 58375.6, "avgCredits" : 58375.6 }
{ "_id" : "LYD", "totalCredits" : 8764.99, "avgCredits" : 8764.99 }
{ "_id" : "CNY", "totalCredits" : 470700.38, "avgCredits" : 470700.38 }
{ "_id" : "HNL", "totalCredits" : 16514.59, "avgCredits" : 16514.59 }
{ "_id" : "PEN", "totalCredits" : 18644.94, "avgCredits" : 18644.94 }
{ "_id" : "NPR", "totalCredits" : 5792.26, "avgCredits" : 5792.26 }
{ "_id" : "ILS", "totalCredits" : 16295.49, "avgCredits" : 16295.49 }
{ "_id" : "DOP", "totalCredits" : 20674.739999999998, "avgCredits" : 20674.739999999998 }
{ "_id" : "EUR", "totalCredits" : 245091.47, "avgCredits" : 245091.47 }
{ "_id" : "GBP", "totalCredits" : 6149.19, "avgCredits" : 6149.19 }
{ "_id" : "ZWL", "totalCredits" : 5792.17, "avgCredits" : 5792.17 }
{ "_id" : "THB", "totalCredits" : 23021.96, "avgCredits" : 23021.96 }
{ "_id" : "VEF", "totalCredits" : 8333.28, "avgCredits" : 8333.28 }
{ "_id" : "ZMW", "totalCredits" : 5569.56, "avgCredits" : 5569.56 }
{ "_id" : "AFN", "totalCredits" : 16755.49, "avgCredits" : 16755.49 }
{ "_id" : "KRW", "totalCredits" : 13379.82, "avgCredits" : 13379.82 }
{ "_id" : "EGP", "totalCredits" : 5579.3, "avgCredits" : 5579.3 }
{ "_id" : "PKR", "totalCredits" : 18938, "avgCredits" : 18938 }
{ "_id" : "MWK", "totalCredits" : 3574.42, "avgCredits" : 3574.42 }
{ "_id" : "RWF", "totalCredits" : 4632.88, "avgCredits" : 4632.88 }
{ "_id" : "SEK", "totalCredits" : 70840.19, "avgCredits" : 70840.19 }
{ "_id" : "KZT", "totalCredits" : 3788.95, "avgCredits" : 3788.95 }
{ "_id" : "JPY", "totalCredits" : 60944.74, "avgCredits" : 60944.74 }
{ "_id" : "NIO", "totalCredits" : 9971.28, "avgCredits" : 9971.28 }
{ "_id" : "MXN", "totalCredits" : 50229, "avgCredits" : 50229 }