[
        {
                "_id" : "Lithuania",
                "value" : {
                        "minbmi" : 19.68833974966633,
                        "maxbmi" : 30.887830005968027,
                        "avgbmi" : 23.250594415008305
                }
        },
        {
                "_id" : "Palestinian Territory",
                "value" : {
                        "minbmi" : 19.179525110549182,
                        "maxbmi" : 35.54150728191122,
                        "avgbmi" : 25.00140553483683
                }
        },
        {
                "_id" : "Dominica",
                "value" : {
                        "minbmi" : 26.42147612552151,
                        "maxbmi" : 26.42147612552151,
                        "avgbmi" : 0
                }
        },
        {
                "_id" : "Pakistan",
                "value" : {
                        "minbmi" : 17.507302336811122,
                        "maxbmi" : 35.54144749573527,
                        "avgbmi" : 24.53612869441082
                }
        },
        {
                "_id" : "Syria",
                "value" : {
                        "minbmi" : 18.668899303500158,
                        "maxbmi" : 36.4017489356862,
                        "avgbmi" : 24.673649461743434
                }
        },
        {
                "_id" : "Iraq",
                "value" : {
                        "minbmi" : 17.811382149213077,
                        "maxbmi" : 33.23798843565602,
                        "avgbmi" : 22.292347077346147
                }
        },
        {
                "_id" : "Bulgaria",
                "value" : {
                        "minbmi" : 18.415763633181026,
                        "maxbmi" : 32.5985033633058,
                        "avgbmi" : 23.916182954080398
                }
        },
        {
                "_id" : "Guinea",
                "value" : {
                        "minbmi" : 20.460478773371793,
                        "maxbmi" : 34.462128538412365,
                        "avgbmi" : 23.745221835021844
                }
        },
        {
                "_id" : "East Timor",
                "value" : {
                        "minbmi" : 21.52514539442196,
                        "maxbmi" : 32.7295665335962,
                        "avgbmi" : 19.11893108046667
                }
        },
        {
                "_id" : "Mauritania",
                "value" : {
                        "minbmi" : 20.427479249813242,
                        "maxbmi" : 22.6996212151413,
                        "avgbmi" : 11.34981060757065
                }
        },
        {
                "_id" : "Malawi",
                "value" : {
                        "minbmi" : 23.29026327914253,
                        "maxbmi" : 30.498934041274012,
                        "avgbmi" : 22.641090044304516
                }
        },
        {
                "_id" : "Saint Lucia",
                "value" : {
                        "minbmi" : 20.263359356035604,
                        "maxbmi" : 27.57036153167093,
                        "avgbmi" : 15.944573629235512
                }
        },
        {
                "_id" : "Malta",
                "value" : {
                        "minbmi" : 22.120384249306703,
                        "maxbmi" : 36.01978908588236,
                        "avgbmi" : 24.28235574672227
                }
        },
        {
                "_id" : "French Guiana",
                "value" : {
                        "minbmi" : 22.271800501837582,
                        "maxbmi" : 28.91121902539661,
                        "avgbmi" : 14.455609512698304
                }
        },
        {
                "_id" : "Seychelles",
                "value" : {
                        "minbmi" : 25.710551755136727,
                        "maxbmi" : 25.710551755136727,
                        "avgbmi" : 0
                }
        },
        {
                "_id" : "Namibia",
                "value" : {
                        "minbmi" : 22.333321771690475,
                        "maxbmi" : 32.28039749878038,
                        "avgbmi" : 22.26977467852087
                }
        },
        {
                "_id" : "Monaco",
                "value" : {
                        "minbmi" : 28.9279758282314,
                        "maxbmi" : 28.9279758282314,
                        "avgbmi" : 0
                }
        },
        {
                "_id" : "Barbados",
                "value" : {
                        "minbmi" : 21.343242644513325,
                        "maxbmi" : 21.343242644513325,
                        "avgbmi" : 0
                }
        },
        {
                "_id" : "Turkmenistan",
                "value" : {
                        "minbmi" : 21.536036875349122,
                        "maxbmi" : 30.263793694794966,
                        "avgbmi" : 23.271423394549764
                }
        },
        {
                "_id" : "Reunion",
                "value" : {
                        "minbmi" : 18.72890348175829,
                        "maxbmi" : 39.16506059010436,
                        "avgbmi" : 18.58876357982442
                }
        },
        {
                "_id" : "Mongolia",
                "value" : {
                        "minbmi" : 19.12334810050309,
                        "maxbmi" : 31.47600262984878,
                        "avgbmi" : 23.536178456683075
                }
        },
        {
                "_id" : "Iceland",
                "value" : {
                        "minbmi" : 22.674667319714626,
                        "maxbmi" : 30.14738226195103,
                        "avgbmi" : 21.81183971258332
                }
        },
        {
                "_id" : "Laos",
                "value" : {
                        "minbmi" : 20.414405907869938,
                        "maxbmi" : 28.47054793500705,
                        "avgbmi" : 21.36030218889371
                }
        },
        {
                "_id" : "Vanuatu",
                "value" : {
                        "minbmi" : 23.049311522774556,
                        "maxbmi" : 27.20784148023659,
                        "avgbmi" : 15.628268419504698
                }
        },
        {
                "_id" : "Vietnam",
                "value" : {
                        "minbmi" : 16.588074623788906,
                        "maxbmi" : 32.97072894443237,
                        "avgbmi" : 24.730332313346164
                }
        },
        {
                "_id" : "Montenegro",
                "value" : {
                        "minbmi" : 20.73659089443422,
                        "maxbmi" : 29.526909667433987,
                        "avgbmi" : 21.263918444914086
                }
        },
        {
                "_id" : "Central African Republic",
                "value" : {
                        "minbmi" : 19.614899401982278,
                        "maxbmi" : 28.954561237220556,
                        "avgbmi" : 19.823257399249623
                }
        },
        {
                "_id" : "Saudi Arabia",
                "value" : {
                        "minbmi" : 19.971991294865283,
                        "maxbmi" : 32.095388696280175,
                        "avgbmi" : 22.83088842250422
                }
        },
        {
                "_id" : "United Arab Emirates",
                "value" : {
                        "minbmi" : 23.390978608691807,
                        "maxbmi" : 29.753071854779463,
                        "avgbmi" : 14.876535927389732
                }
        },
        {
                "_id" : "Brazil",
                "value" : {
                        "minbmi" : 17.455901881799917,
                        "maxbmi" : 40.629137270681994,
                        "avgbmi" : 25.5474062434428
                }
        },
        {
                "_id" : "Colombia",
                "value" : {
                        "minbmi" : 18.549317336103282,
                        "maxbmi" : 35.4010351305359,
                        "avgbmi" : 25.62755852445451
                }
        },
        {
                "_id" : "Cameroon",
                "value" : {
                        "minbmi" : 19.681646953380184,
                        "maxbmi" : 33.171539196923106,
                        "avgbmi" : 23.635647528052605
                }
        },
        {
                "_id" : "Cuba",
                "value" : {
                        "minbmi" : 18.489462979361967,
                        "maxbmi" : 35.42409829567975,
                        "avgbmi" : 25.812541318656432
                }
        },
        {
                "_id" : "Turkey",
                "value" : {
                        "minbmi" : 22.712340024306464,
                        "maxbmi" : 23.218818230827427,
                        "avgbmi" : 15.310386085044632
                }
        },
        {
                "_id" : "South Korea",
                "value" : {
                        "minbmi" : 19.481858628477152,
                        "maxbmi" : 31.35384445026281,
                        "avgbmi" : 24.206719665127533
                }
        },
        {
                "_id" : "New Zealand",
                "value" : {
                        "minbmi" : 20.015037796508505,
                        "maxbmi" : 33.708938690778766,
                        "avgbmi" : 23.906681623866326
                }
        },
        {
                "_id" : "French Polynesia",
                "value" : {
                        "minbmi" : 20.299688460981415,
                        "maxbmi" : 28.539227949185673,
                        "avgbmi" : 21.291471168345183
                }
        },
        {
                "_id" : "Belgium",
                "value" : {
                        "minbmi" : 20.047926099827215,
                        "maxbmi" : 28.997682388567068,
                        "avgbmi" : 21.174071709024325
                }
        },
        {
                "_id" : "Serbia",
                "value" : {
                        "minbmi" : 19.73180880155627,
                        "maxbmi" : 43.54832804682019,
                        "avgbmi" : 25.409293703059262
                }
        },
        {
                "_id" : "Malaysia",
                "value" : {
                        "minbmi" : 18.54461856797744,
                        "maxbmi" : 36.53428355033911,
                        "avgbmi" : 25.05519065697824
                }
        },
        {
                "_id" : "Western Sahara",
                "value" : {
                        "minbmi" : 22.75109226188259,
                        "maxbmi" : 22.75109226188259,
                        "avgbmi" : 0
                }
        },
        {
                "_id" : "Republic of the Congo",
                "value" : {
                        "minbmi" : 17.66140782350201,
                        "maxbmi" : 30.40321009942462,
                        "avgbmi" : 19.672731755152416
                }
        },
        {
                "_id" : "Comoros",
                "value" : {
                        "minbmi" : 19.73678859401531,
                        "maxbmi" : 33.86465840113391,
                        "avgbmi" : 22.73229805513698
                }
        },
        {
                "_id" : "Lebanon",
                "value" : {
                        "minbmi" : 22.696782965005376,
                        "maxbmi" : 32.444431072334524,
                        "avgbmi" : 23.561564458788727
                }
        },
        {
                "_id" : "Eritrea",
                "value" : {
                        "minbmi" : 24.502688749443237,
                        "maxbmi" : 28.706187680256324,
                        "avgbmi" : 18.01910385110671
                }
        },
        {
                "_id" : "Burkina Faso",
                "value" : {
                        "minbmi" : 19.874924416260065,
                        "maxbmi" : 39.84736448162324,
                        "avgbmi" : 25.041796095372288
                }
        },
        {
                "_id" : "Trinidad and Tobago",
                "value" : {
                        "minbmi" : 22.714055076873127,
                        "maxbmi" : 31.519844903401175,
                        "avgbmi" : 20.190715542365105
                }
        },
        {
                "_id" : "Brunei",
                "value" : {
                        "minbmi" : 25.02697259105827,
                        "maxbmi" : 25.02697259105827,
                        "avgbmi" : 0
                }
        },
        {
                "_id" : "Panama",
                "value" : {
                        "minbmi" : 20.497034879989776,
                        "maxbmi" : 33.204916913317156,
                        "avgbmi" : 24.127609948174968
                }
        },
        {
                "_id" : "Ecuador",
                "value" : {
                        "minbmi" : 19.837789435759387,
                        "maxbmi" : 31.540757595400457,
                        "avgbmi" : 23.664011244908355
                }
        },
        {
                "_id" : "Sri Lanka",
                "value" : {
                        "minbmi" : 20.744421581687575,
                        "maxbmi" : 28.60361966419167,
                        "avgbmi" : 21.953705978972103
                }
        },
        {
                "_id" : "Honduras",
                "value" : {
                        "minbmi" : 18.483295476526518,
                        "maxbmi" : 35.22066445474855,
                        "avgbmi" : 24.846182196577917
                }
        },
        {
                "_id" : "Morocco",
                "value" : {
                        "minbmi" : 20.182304322324796,
                        "maxbmi" : 32.90604019213787,
                        "avgbmi" : 25.16751624861867
                }
        },
        {
                "_id" : "Dominican Republic",
                "value" : {
                        "minbmi" : 18.01287119956941,
                        "maxbmi" : 30.32549350733766,
                        "avgbmi" : 23.295770246844693
                }
        },
        {
                "_id" : "Zambia",
                "value" : {
                        "minbmi" : 20.338719513529025,
                        "maxbmi" : 31.44864603504859,
                        "avgbmi" : 22.58717282471514
                }
        },
        {
                "_id" : "Angola",
                "value" : {
                        "minbmi" : 18.362400744093293,
                        "maxbmi" : 31.67480491405164,
                        "avgbmi" : 21.032820347534166
                }
        },
        {
                "_id" : "Madagascar",
                "value" : {
                        "minbmi" : 17.556666479697988,
                        "maxbmi" : 30.189583737327382,
                        "avgbmi" : 23.969041217808105
                }
        },
        {
                "_id" : "Egypt",
                "value" : {
                        "minbmi" : 17.650429873238075,
                        "maxbmi" : 32.033722500448945,
                        "avgbmi" : 23.570149268107393
                }
        },
        {
                "_id" : "Austria",
                "value" : {
                        "minbmi" : 23.01532709975852,
                        "maxbmi" : 37.259975846114166,
                        "avgbmi" : 24.511390201246275
                }
        },
        {
                "_id" : "Rwanda",
                "value" : {
                        "minbmi" : 22.834957662274157,
                        "maxbmi" : 27.60395919371098,
                        "avgbmi" : 18.34882263476251
                }
        },
        {
                "_id" : "Ukraine",
                "value" : {
                        "minbmi" : 17.021559565054986,
                        "maxbmi" : 36.84222756372365,
                        "avgbmi" : 25.0663327145876
                }
        },
        {
                "_id" : "Taiwan",
                "value" : {
                        "minbmi" : 20.359929764833222,
                        "maxbmi" : 31.171391695878288,
                        "avgbmi" : 21.678801578368713
                }
        },
        {
                "_id" : "Slovenia",
                "value" : {
                        "minbmi" : 17.370385779694157,
                        "maxbmi" : 32.66109875399449,
                        "avgbmi" : 24.60590260694204
                }
        },
        {
                "_id" : "Cyprus",
                "value" : {
                        "minbmi" : 22.195141736787935,
                        "maxbmi" : 29.825489728395752,
                        "avgbmi" : 20.397408835469754
                }
        },
        {
                "_id" : "Kyrgyzstan",
                "value" : {
                        "minbmi" : 16.846474930530864,
                        "maxbmi" : 34.05576978971841,
                        "avgbmi" : 22.345958097164708
                }
        },
        {
                "_id" : "United Kingdom",
                "value" : {
                        "minbmi" : 19.427928671881645,
                        "maxbmi" : 31.903158982438534,
                        "avgbmi" : 22.553748185308734
                }
        },
        {
                "_id" : "Bahamas",
                "value" : {
                        "minbmi" : 22.243665360172294,
                        "maxbmi" : 26.596494551398333,
                        "avgbmi" : 20.036784059082162
                }
        },
        {
                "_id" : "Armenia",
                "value" : {
                        "minbmi" : 19.17386933002285,
                        "maxbmi" : 31.668511004463014,
                        "avgbmi" : 24.239226178254704
                }
        },
        {
                "_id" : "United States",
                "value" : {
                        "minbmi" : 18.80366267168511,
                        "maxbmi" : 36.69514941999169,
                        "avgbmi" : 25.625951559951364
                }
        },
        {
                "_id" : "Chile",
                "value" : {
                        "minbmi" : 16.9512916270108,
                        "maxbmi" : 29.79885840825515,
                        "avgbmi" : 23.925352923955106
                }
        },
        {
                "_id" : "Samoa",
                "value" : {
                        "minbmi" : 20.54488200453268,
                        "maxbmi" : 20.54488200453268,
                        "avgbmi" : 0
                }
        },
        {
                "_id" : "Tuvalu",
                "value" : {
                        "minbmi" : 22.60418435695907,
                        "maxbmi" : 22.60418435695907,
                        "avgbmi" : 0
                }
        },
        {
                "_id" : "Paraguay",
                "value" : {
                        "minbmi" : 21.194188847738655,
                        "maxbmi" : 32.97774797284501,
                        "avgbmi" : 23.71939116585041
                }
        },
        {
                "_id" : "Nepal",
                "value" : {
                        "minbmi" : 19.748973244733463,
                        "maxbmi" : 31.078489717648623,
                        "avgbmi" : 25.09687183203729
                }
        },
        {
                "_id" : "Estonia",
                "value" : {
                        "minbmi" : 18.560878620789442,
                        "maxbmi" : 28.68360155605993,
                        "avgbmi" : 22.93453602785857
                }
        },
        {
                "_id" : "Costa Rica",
                "value" : {
                        "minbmi" : 20.494010942211922,
                        "maxbmi" : 28.898569613792333,
                        "avgbmi" : 23.095870493272642
                }
        },
        {
                "_id" : "Slovakia",
                "value" : {
                        "minbmi" : 21.338818810983465,
                        "maxbmi" : 21.338818810983465,
                        "avgbmi" : 0
                }
        },
        {
                "_id" : "Belize",
                "value" : {
                        "minbmi" : 18.424047224128543,
                        "maxbmi" : 26.22341661344843,
                        "avgbmi" : 18.614027513875328
                }
        },
        {
                "_id" : "Philippines",
                "value" : {
                        "minbmi" : 17.747775714237722,
                        "maxbmi" : 40.14921877820496,
                        "avgbmi" : 25.153148855716513
                }
        },
        {
                "_id" : "Mali",
                "value" : {
                        "minbmi" : 19.246685556164678,
                        "maxbmi" : 31.67016743066081,
                        "avgbmi" : 23.038338093064173
                }
        },
        {
                "_id" : "Haiti",
                "value" : {
                        "minbmi" : 21.953951096958047,
                        "maxbmi" : 34.706505929936306,
                        "avgbmi" : 23.749733635163754
                }
        },
        {
                "_id" : "Oman",
                "value" : {
                        "minbmi" : 23.599509054084226,
                        "maxbmi" : 27.084022161790852,
                        "avgbmi" : 17.82171811780493
                }
        },
        {
                "_id" : "Czech Republic",
                "value" : {
                        "minbmi" : 18.56386639676774,
                        "maxbmi" : 33.15190133598319,
                        "avgbmi" : 25.058198047752526
                }
        },
        {
                "_id" : "Wallis and Futuna",
                "value" : {
                        "minbmi" : 24.33390757821489,
                        "maxbmi" : 28.43117093855067,
                        "avgbmi" : 12.166953789107446
                }
        },
        {
                "_id" : "Uruguay",
                "value" : {
                        "minbmi" : 20.368800960879323,
                        "maxbmi" : 34.361426322308105,
                        "avgbmi" : 23.378618295728668
                }
        },
        {
                "_id" : "Zimbabwe",
                "value" : {
                        "minbmi" : 22.609825375832813,
                        "maxbmi" : 35.12027773402992,
                        "avgbmi" : 25.347566888238607
                }
        },
        {
                "_id" : "Australia",
                "value" : {
                        "minbmi" : 20.65310909810227,
                        "maxbmi" : 29.824555993432554,
                        "avgbmi" : 15.25352849383256
                }
        },
        {
                "_id" : "Guinea-Bissau",
                "value" : {
                        "minbmi" : 23.28512818429207,
                        "maxbmi" : 26.54403588086242,
                        "avgbmi" : 16.609721355051494
                }
        },
        {
                "_id" : "Sierra Leone",
                "value" : {
                        "minbmi" : 19.49887642053163,
                        "maxbmi" : 33.448269454681686,
                        "avgbmi" : 22.84755078451814
                }
        },
        {
                "_id" : "Togo",
                "value" : {
                        "minbmi" : 21.483089176370907,
                        "maxbmi" : 24.559999693631624,
                        "avgbmi" : 18.971921976294976
                }
        },
        {
                "_id" : "Georgia",
                "value" : {
                        "minbmi" : 19.907789367690288,
                        "maxbmi" : 27.6963070482808,
                        "avgbmi" : 22.668026562909535
                }
        },
        {
                "_id" : "Kenya",
                "value" : {
                        "minbmi" : 21.963094173998595,
                        "maxbmi" : 32.415973001368904,
                        "avgbmi" : 24.301359917267433
                }
        },
        {
                "_id" : "El Salvador",
                "value" : {
                        "minbmi" : 21.92582816065902,
                        "maxbmi" : 33.56299576484531,
                        "avgbmi" : 23.67668360670408
                }
        },
        {
                "_id" : "Venezuela",
                "value" : {
                        "minbmi" : 19.1364667985684,
                        "maxbmi" : 31.135855490289444,
                        "avgbmi" : 24.18633190805985
                }
        },
        {
                "_id" : "Democratic Republic of the Congo",
                "value" : {
                        "minbmi" : 18.27553140160477,
                        "maxbmi" : 33.515401571866754,
                        "avgbmi" : 25.334331404585658
                }
        },
        {
                "_id" : "Niger",
                "value" : {
                        "minbmi" : 20.07204296186382,
                        "maxbmi" : 30.22683231486928,
                        "avgbmi" : 23.03298464789532
                }
        },
        {
                "_id" : "Senegal",
                "value" : {
                        "minbmi" : 21.10083404913989,
                        "maxbmi" : 26.591448446940536,
                        "avgbmi" : 20.46096548086177
                }
        },
        {
                "_id" : "Greenland",
                "value" : {
                        "minbmi" : 25.87231726224435,
                        "maxbmi" : 25.87231726224435,
                        "avgbmi" : 0
                }
        },
        {
                "_id" : "Guatemala",
                "value" : {
                        "minbmi" : 19.619608992088942,
                        "maxbmi" : 32.13075314700059,
                        "avgbmi" : 25.070008138972728
                }
        },
        {
                "_id" : "Argentina",
                "value" : {
                        "minbmi" : 17.58733455568425,
                        "maxbmi" : 34.13224063185605,
                        "avgbmi" : 25.515362168889684
                }
        },
        {
                "_id" : "Croatia",
                "value" : {
                        "minbmi" : 18.791459338166646,
                        "maxbmi" : 38.54454850434303,
                        "avgbmi" : 24.481342114556412
                }
        },
        {
                "_id" : "Canada",
                "value" : {
                        "minbmi" : 18.337991820012604,
                        "maxbmi" : 33.61303753837222,
                        "avgbmi" : 25.34750414704109
                }
        },
        {
                "_id" : "Albania",
                "value" : {
                        "minbmi" : 18.995343497963386,
                        "maxbmi" : 31.98582559382973,
                        "avgbmi" : 24.07806624176615
                }
        },
        {
                "_id" : "Nicaragua",
                "value" : {
                        "minbmi" : 19.7754882642013,
                        "maxbmi" : 30.0372110793386,
                        "avgbmi" : 22.426114113679557
                }
        },
        {
                "_id" : "Mauritius",
                "value" : {
                        "minbmi" : 19.225308641975307,
                        "maxbmi" : 38.86342108446306,
                        "avgbmi" : 23.575024084975073
                }
        },
        {
                "_id" : "Gabon",
                "value" : {
                        "minbmi" : 22.266802561601597,
                        "maxbmi" : 29.04827089492947,
                        "avgbmi" : 11.133401280800799
                }
        },
        {
                "_id" : "Cape Verde",
                "value" : {
                        "minbmi" : 19.20724222151505,
                        "maxbmi" : 35.04527266278727,
                        "avgbmi" : 21.321471182153136
                }
        },
        {
                "_id" : "Burundi",
                "value" : {
                        "minbmi" : 23.41760581267604,
                        "maxbmi" : 28.50245013159454,
                        "avgbmi" : 17.842444344736816
                }
        },
        {
                "_id" : "Kiribati",
                "value" : {
                        "minbmi" : 23.104683336146245,
                        "maxbmi" : 23.104683336146245,
                        "avgbmi" : 0
                }
        },
        {
                "_id" : "Poland",
                "value" : {
                        "minbmi" : 18.006317259010835,
                        "maxbmi" : 36.71954280831063,
                        "avgbmi" : 25.20938412052349
                }
        },
        {
                "_id" : "Israel",
                "value" : {
                        "minbmi" : 21.291597916349946,
                        "maxbmi" : 30.14483568029636,
                        "avgbmi" : 24.428286440098315
                }
        },
        {
                "_id" : "Netherlands",
                "value" : {
                        "minbmi" : 19.37514915181097,
                        "maxbmi" : 34.91379070141339,
                        "avgbmi" : 25.297759739361812
                }
        },
        {
                "_id" : "Puerto Rico",
                "value" : {
                        "minbmi" : 22.624807178343218,
                        "maxbmi" : 27.28341528253193,
                        "avgbmi" : 17.72074729527134
                }
        },
        {
                "_id" : "Liberia",
                "value" : {
                        "minbmi" : 22.64819265750957,
                        "maxbmi" : 29.63330910128883,
                        "avgbmi" : 21.896501726106465
                }
        },
        {
                "_id" : "Maldives",
                "value" : {
                        "minbmi" : 23.654619429922963,
                        "maxbmi" : 28.25830239759801,
                        "avgbmi" : 20.314842657580066
                }
        },
        {
                "_id" : "Belarus",
                "value" : {
                        "minbmi" : 17.86291107456045,
                        "maxbmi" : 33.93864732017481,
                        "avgbmi" : 24.93415896227034
                }
        },
        {
                "_id" : "Switzerland",
                "value" : {
                        "minbmi" : 20.192102704387423,
                        "maxbmi" : 31.153535521833074,
                        "avgbmi" : 20.565133500218067
                }
        },
        {
                "_id" : "Libya",
                "value" : {
                        "minbmi" : 21.42742372829579,
                        "maxbmi" : 35.14959498858504,
                        "avgbmi" : 24.92869053890848
                }
        },
        {
                "_id" : "Chad",
                "value" : {
                        "minbmi" : 19.379712122869797,
                        "maxbmi" : 32.14867661954464,
                        "avgbmi" : 20.283032978739424
                }
        },
        {
                "_id" : "Uzbekistan",
                "value" : {
                        "minbmi" : 19.78219777101565,
                        "maxbmi" : 32.30460851219658,
                        "avgbmi" : 24.808734370103593
                }
        },
        {
                "_id" : "Hong Kong",
                "value" : {
                        "minbmi" : 27.28283221221082,
                        "maxbmi" : 27.28283221221082,
                        "avgbmi" : 0
                }
        },
        {
                "_id" : "Northern Mariana Islands",
                "value" : {
                        "minbmi" : 25.912320610983855,
                        "maxbmi" : 25.912320610983855,
                        "avgbmi" : 0
                }
        },
        {
                "_id" : "Italy",
                "value" : {
                        "minbmi" : 18.626656995429222,
                        "maxbmi" : 31.28284127929142,
                        "avgbmi" : 23.651109796123894
                }
        },
        {
                "_id" : "Somalia",
                "value" : {
                        "minbmi" : 29.953705951906365,
                        "maxbmi" : 29.953705951906365,
                        "avgbmi" : 0
                }
        },
        {
                "_id" : "Kazakhstan",
                "value" : {
                        "minbmi" : 16.8070799358325,
                        "maxbmi" : 36.896740125150984,
                        "avgbmi" : 25.080631289227327
                }
        },
        {
                "_id" : "Lesotho",
                "value" : {
                        "minbmi" : 19.804653958825412,
                        "maxbmi" : 30.164460328890495,
                        "avgbmi" : 15.305076870931698
                }
        },
        {
                "_id" : "Macao",
                "value" : {
                        "minbmi" : 23.98847768982694,
                        "maxbmi" : 23.98847768982694,
                        "avgbmi" : 0
                }
        },
        {
                "_id" : "Uganda",
                "value" : {
                        "minbmi" : 20.58589719317205,
                        "maxbmi" : 33.245708734909755,
                        "avgbmi" : 24.335034452639967
                }
        },
        {
                "_id" : "Tunisia",
                "value" : {
                        "minbmi" : 18.60519012755488,
                        "maxbmi" : 30.378661433345993,
                        "avgbmi" : 23.227597333098515
                }
        },
        {
                "_id" : "China",
                "value" : {
                        "minbmi" : 15.457567797405272,
                        "maxbmi" : 42.36228470295768,
                        "avgbmi" : 25.570475305843754
                }
        },
        {
                "_id" : "Benin",
                "value" : {
                        "minbmi" : 21.326707132619113,
                        "maxbmi" : 30.296481888973993,
                        "avgbmi" : 22.731692122444777
                }
        },
        {
                "_id" : "Ivory Coast",
                "value" : {
                        "minbmi" : 20.497202679469442,
                        "maxbmi" : 35.26565858224913,
                        "avgbmi" : 25.109798498296108
                }
        },
        {
                "_id" : "Tanzania",
                "value" : {
                        "minbmi" : 20.05029459378472,
                        "maxbmi" : 34.9992957297564,
                        "avgbmi" : 25.471816070438983
                }
        },
        {
                "_id" : "Papua New Guinea",
                "value" : {
                        "minbmi" : 19.859417039821555,
                        "maxbmi" : 26.903589650913545,
                        "avgbmi" : 18.10272754105834
                }
        },
        {
                "_id" : "Indonesia",
                "value" : {
                        "minbmi" : 14.752916025545577,
                        "maxbmi" : 45.2254888114332,
                        "avgbmi" : 25.474129038705374
                }
        },
        {
                "_id" : "Aland Islands",
                "value" : {
                        "minbmi" : 22.422508995430604,
                        "maxbmi" : 33.92911214898956,
                        "avgbmi" : 22.09235526189319
                }
        },
        {
                "_id" : "Ireland",
                "value" : {
                        "minbmi" : 17.753180049744596,
                        "maxbmi" : 33.51950090390849,
                        "avgbmi" : 25.15570578341252
                }
        },
        {
                "_id" : "Iran",
                "value" : {
                        "minbmi" : 18.237996217377763,
                        "maxbmi" : 37.98020856315509,
                        "avgbmi" : 25.204300754364777
                }
        },
        {
                "_id" : "Greece",
                "value" : {
                        "minbmi" : 19.126762812266065,
                        "maxbmi" : 41.52589808442401,
                        "avgbmi" : 25.57453137448017
                }
        },
        {
                "_id" : "Tonga",
                "value" : {
                        "minbmi" : 23.8293086776095,
                        "maxbmi" : 23.8293086776095,
                        "avgbmi" : 0
                }
        },
        {
                "_id" : "Nauru",
                "value" : {
                        "minbmi" : 22.91236113053845,
                        "maxbmi" : 22.91236113053845,
                        "avgbmi" : 0
                }
        },
        {
                "_id" : "Russia",
                "value" : {
                        "minbmi" : 17.631221751685487,
                        "maxbmi" : 39.88445766499928,
                        "avgbmi" : 25.35540613445382
                }
        },
        {
                "_id" : "Denmark",
                "value" : {
                        "minbmi" : 21.08473436367003,
                        "maxbmi" : 27.824860598421296,
                        "avgbmi" : 20.975633988589614
                }
        },
        {
                "_id" : "Tajikistan",
                "value" : {
                        "minbmi" : 19.990278828313503,
                        "maxbmi" : 31.132650605821127,
                        "avgbmi" : 23.144545244922316
                }
        },
        {
                "_id" : "Marshall Islands",
                "value" : {
                        "minbmi" : 22.403515045781823,
                        "maxbmi" : 26.899880561973735,
                        "avgbmi" : 15.469595584819452
                }
        },
        {
                "_id" : "Botswana",
                "value" : {
                        "minbmi" : 21.66103584914847,
                        "maxbmi" : 27.18178743838766,
                        "avgbmi" : 22.38786850333247
                }
        },
        {
                "_id" : "Mexico",
                "value" : {
                        "minbmi" : 18.91785799534758,
                        "maxbmi" : 36.2708751496718,
                        "avgbmi" : 25.160599815419083
                }
        },
        {
                "_id" : "Spain",
                "value" : {
                        "minbmi" : 21.71883995935713,
                        "maxbmi" : 34.9356602063431,
                        "avgbmi" : 24.71142023687387
                }
        },
        {
                "_id" : "Mozambique",
                "value" : {
                        "minbmi" : 22.800359685650264,
                        "maxbmi" : 29.44789535394624,
                        "avgbmi" : 20.65496104985064
                }
        },
        {
                "_id" : "Andorra",
                "value" : {
                        "minbmi" : 25.692486527991623,
                        "maxbmi" : 30.65208078150739,
                        "avgbmi" : 15.326040390753695
                }
        },
        {
                "_id" : "Guyana",
                "value" : {
                        "minbmi" : 24.096889211890876,
                        "maxbmi" : 28.21437073786827,
                        "avgbmi" : 14.107185368934134
                }
        },
        {
                "_id" : "Gambia",
                "value" : {
                        "minbmi" : 17.84046677774891,
                        "maxbmi" : 29.041518380755527,
                        "avgbmi" : 21.001445134092165
                }
        },
        {
                "_id" : "Ghana",
                "value" : {
                        "minbmi" : 22.309636417250765,
                        "maxbmi" : 32.50433727787583,
                        "avgbmi" : 22.77684739759947
                }
        },
        {
                "_id" : "Myanmar",
                "value" : {
                        "minbmi" : 20.99743660839639,
                        "maxbmi" : 31.448459395139455,
                        "avgbmi" : 24.81302656670622
                }
        },
        {
                "_id" : "South Sudan",
                "value" : {
                        "minbmi" : 25.958795187276632,
                        "maxbmi" : 25.958795187276632,
                        "avgbmi" : 0
                }
        },
        {
                "_id" : "Hungary",
                "value" : {
                        "minbmi" : 22.357117184320284,
                        "maxbmi" : 32.69237888437416,
                        "avgbmi" : 21.898938855439855
                }
        },
        {
                "_id" : "Swaziland",
                "value" : {
                        "minbmi" : 20.902625563889615,
                        "maxbmi" : 20.902625563889615,
                        "avgbmi" : 0
                }
        },
        {
                "_id" : "Sudan",
                "value" : {
                        "minbmi" : 22.77184895818426,
                        "maxbmi" : 26.388338263210727,
                        "avgbmi" : 21.884726738794903
                }
        },
        {
                "_id" : "Saint Kitts and Nevis",
                "value" : {
                        "minbmi" : 25.181373219019413,
                        "maxbmi" : 30.06261206327215,
                        "avgbmi" : 20.3266045612759
                }
        },
        {
                "_id" : "Bhutan",
                "value" : {
                        "minbmi" : 19.41885638320743,
                        "maxbmi" : 31.35770002294631,
                        "avgbmi" : 19.637621083070336
                }
        },
        {
                "_id" : "Cambodia",
                "value" : {
                        "minbmi" : 21.873859826171213,
                        "maxbmi" : 33.32850035102713,
                        "avgbmi" : 22.362349091334
                }
        },
        {
                "_id" : "Latvia",
                "value" : {
                        "minbmi" : 18.435535988693054,
                        "maxbmi" : 32.88731053562053,
                        "avgbmi" : 24.655738564027533
                }
        },
        {
                "_id" : "Thailand",
                "value" : {
                        "minbmi" : 18.1817173424744,
                        "maxbmi" : 35.590560182726435,
                        "avgbmi" : 25.51482683712744
                }
        },
        {
                "_id" : "Azerbaijan",
                "value" : {
                        "minbmi" : 18.770569815679924,
                        "maxbmi" : 36.93348217200575,
                        "avgbmi" : 24.983133870034933
                }
        },
        {
                "_id" : "Bolivia",
                "value" : {
                        "minbmi" : 20.461244736382792,
                        "maxbmi" : 32.04862302606189,
                        "avgbmi" : 24.266262820697044
                }
        },
        {
                "_id" : "Guadeloupe",
                "value" : {
                        "minbmi" : 22.066287052482927,
                        "maxbmi" : 22.066287052482927,
                        "avgbmi" : 0
                }
        },
        {
                "_id" : "Yemen",
                "value" : {
                        "minbmi" : 20.910656892847584,
                        "maxbmi" : 34.85489627858924,
                        "avgbmi" : 24.75139219344627
                }
        },
        {
                "_id" : "Martinique",
                "value" : {
                        "minbmi" : 24.025383631333913,
                        "maxbmi" : 24.025383631333913,
                        "avgbmi" : 0
                }
        },
        {
                "_id" : "New Caledonia",
                "value" : {
                        "minbmi" : 24.07180767559938,
                        "maxbmi" : 26.939955901091704,
                        "avgbmi" : 12.03590383779969
                }
        },
        {
                "_id" : "Kosovo",
                "value" : {
                        "minbmi" : 19.254012570630334,
                        "maxbmi" : 29.624326587170813,
                        "avgbmi" : 19.860575501798998
                }
        },
        {
                "_id" : "Sint Maarten",
                "value" : {
                        "minbmi" : 22.218504166585912,
                        "maxbmi" : 24.103065474104024,
                        "avgbmi" : 11.109252083292956
                }
        },
        {
                "_id" : "Algeria",
                "value" : {
                        "minbmi" : 28.594463853802747,
                        "maxbmi" : 28.594463853802747,
                        "avgbmi" : 0
                }
        },
        {
                "_id" : "Jamaica",
                "value" : {
                        "minbmi" : 22.275369146558596,
                        "maxbmi" : 28.975717835121532,
                        "avgbmi" : 22.64506807138486
                }
        },
        {
                "_id" : "Nigeria",
                "value" : {
                        "minbmi" : 16.860335772659226,
                        "maxbmi" : 36.16277887197436,
                        "avgbmi" : 24.516467022514803
                }
        },
        {
                "_id" : "Luxembourg",
                "value" : {
                        "minbmi" : 19.267057864459574,
                        "maxbmi" : 33.21935122648016,
                        "avgbmi" : 25.297072702944632
                }
        },
        {
                "_id" : "Kuwait",
                "value" : {
                        "minbmi" : 22.43979747671335,
                        "maxbmi" : 27.184318738806667,
                        "avgbmi" : 21.348190906372565
                }
        },
        {
                "_id" : "Norway",
                "value" : {
                        "minbmi" : 19.602504292612466,
                        "maxbmi" : 35.1671816861818,
                        "avgbmi" : 26.326056556332322
                }
        },
        {
                "_id" : "Suriname",
                "value" : {
                        "minbmi" : 30.38931494743512,
                        "maxbmi" : 30.38931494743512,
                        "avgbmi" : 0
                }
        },
        {
                "_id" : "Jordan",
                "value" : {
                        "minbmi" : 21.210207189566123,
                        "maxbmi" : 32.353159768034715,
                        "avgbmi" : 22.599045281344846
                }
        },
        {
                "_id" : "American Samoa",
                "value" : {
                        "minbmi" : 22.398336918076584,
                        "maxbmi" : 22.398336918076584,
                        "avgbmi" : 0
                }
        },
        {
                "_id" : "Sweden",
                "value" : {
                        "minbmi" : 18.101186860208863,
                        "maxbmi" : 40.088590561693096,
                        "avgbmi" : 25.65380166903612
                }
        },
        {
                "_id" : "Fiji",
                "value" : {
                        "minbmi" : 21.202149695398855,
                        "maxbmi" : 21.202149695398855,
                        "avgbmi" : 0
                }
        },
        {
                "_id" : "Guam",
                "value" : {
                        "minbmi" : 20.673090321864905,
                        "maxbmi" : 24.012673635721274,
                        "avgbmi" : 14.445969112881292
                }
        },
        {
                "_id" : "Moldova",
                "value" : {
                        "minbmi" : 19.688381123290277,
                        "maxbmi" : 32.56715420989366,
                        "avgbmi" : 23.743588130474958
                }
        },
        {
                "_id" : "Germany",
                "value" : {
                        "minbmi" : 19.812818818124008,
                        "maxbmi" : 32.56393192452176,
                        "avgbmi" : 23.709498184707126
                }
        },
        {
                "_id" : "Ethiopia",
                "value" : {
                        "minbmi" : 20.55367285745029,
                        "maxbmi" : 32.85411863239378,
                        "avgbmi" : 24.499340824807955
                }
        },
        {
                "_id" : "Palau",
                "value" : {
                        "minbmi" : 29.238705428689137,
                        "maxbmi" : 29.99935995904786,
                        "avgbmi" : 14.99967997952393
                }
        },
        {
                "_id" : "Portugal",
                "value" : {
                        "minbmi" : 17.25327791895594,
                        "maxbmi" : 39.66789019620169,
                        "avgbmi" : 25.379736409741092
                }
        },
        {
                "_id" : "South Africa",
                "value" : {
                        "minbmi" : 17.33504330126283,
                        "maxbmi" : 40.54150514193364,
                        "avgbmi" : 25.397401623969944
                }
        },
        {
                "_id" : "Macedonia",
                "value" : {
                        "minbmi" : 20.495052187246902,
                        "maxbmi" : 32.52569417786054,
                        "avgbmi" : 24.25718521262104
                }
        },
        {
                "_id" : "Micronesia",
                "value" : {
                        "minbmi" : 20.483583148077006,
                        "maxbmi" : 25.24886656617766,
                        "avgbmi" : 17.453683292612208
                }
        },
        {
                "_id" : "France",
                "value" : {
                        "minbmi" : 17.6805182946428,
                        "maxbmi" : 40.68709814176658,
                        "avgbmi" : 25.14865922158159
                }
        },
        {
                "_id" : "Equatorial Guinea",
                "value" : {
                        "minbmi" : 24.784158605052227,
                        "maxbmi" : 24.784158605052227,
                        "avgbmi" : 0
                }
        },
        {
                "_id" : "Finland",
                "value" : {
                        "minbmi" : 18.313044445355132,
                        "maxbmi" : 36.88879211052598,
                        "avgbmi" : 25.182731365933947
                }
        },
        {
                "_id" : "Peru",
                "value" : {
                        "minbmi" : 17.806002361986923,
                        "maxbmi" : 36.36334544992972,
                        "avgbmi" : 25.06961292487523
                }
        },
        {
                "_id" : "Japan",
                "value" : {
                        "minbmi" : 18.90452276508069,
                        "maxbmi" : 37.208271542614156,
                        "avgbmi" : 25.163488688211913
                }
        },
        {
                "_id" : "Bosnia and Herzegovina",
                "value" : {
                        "minbmi" : 16.930664311421886,
                        "maxbmi" : 35.97395007994128,
                        "avgbmi" : 24.720913640054075
                }
        },
        {
                "_id" : "Bangladesh",
                "value" : {
                        "minbmi" : 19.809821191475773,
                        "maxbmi" : 34.06297114172176,
                        "avgbmi" : 25.47262153805174
                }
        },
        {
                "_id" : "Afghanistan",
                "value" : {
                        "minbmi" : 18.4302993485763,
                        "maxbmi" : 31.680724277814612,
                        "avgbmi" : 24.355822009195673
                }
        },
        {
                "_id" : "Qatar",
                "value" : {
                        "minbmi" : 21.90167438399709,
                        "maxbmi" : 29.599291029472685,
                        "avgbmi" : 14.799645514736342
                }
        },
        {
                "_id" : "North Korea",
                "value" : {
                        "minbmi" : 20.924212172010197,
                        "maxbmi" : 30.614290364070985,
                        "avgbmi" : 24.137940457720138
                }
        }
]