[
        {
                "_id" : "LTL",
                "value" : 220627.41999999995
        },
        {
                "_id" : "DKK",
                "value" : 222452.28000000003
        },
        {
                "_id" : "LRD",
                "value" : 54883.450000000004
        },
        {
                "_id" : "XOF",
                "value" : 934043.6100000006
        },
        {
                "_id" : "BDT",
                "value" : 294843.3799999999
        },
        {
                "_id" : "SDG",
                "value" : 127317.75000000006
        },
        {
                "_id" : "BZD",
                "value" : 24296.69
        },
        {
                "_id" : "NAD",
                "value" : 55420.34
        },
        {
                "_id" : "UYU",
                "value" : 231996.14
        },
        {
                "_id" : "HNL",
                "value" : 817695.2399999995
        },
        {
                "_id" : "CNY",
                "value" : 27425502.27000003
        },
        {
                "_id" : "LSL",
                "value" : 26269.07
        },
        {
                "_id" : "FKP",
                "value" : 5118.97
        },
        {
                "_id" : "NPR",
                "value" : 146606.65
        },
        {
                "_id" : "BAM",
                "value" : 415965.4699999999
        },
        {
                "_id" : "AWG",
                "value" : 7282.73
        },
        {
                "_id" : "GBP",
                "value" : 243512.86
        },
        {
                "_id" : "EUR",
                "value" : 16700089.28000004
        },
        {
                "_id" : "TRY",
                "value" : 18414.53
        },
        {
                "_id" : "ZWL",
                "value" : 142978.86000000002
        },
        {
                "_id" : "ERN",
                "value" : 21598.47
        },
        {
                "_id" : "VEF",
                "value" : 629053.4099999998
        },
        {
                "_id" : "BTN",
                "value" : 37711.08
        },
        {
                "_id" : "FJD",
                "value" : 9321.43
        },
        {
                "_id" : "EGP",
                "value" : 528336.1399999998
        },
        {
                "_id" : "AFN",
                "value" : 661834.7499999999
        },
        {
                "_id" : "TOP",
                "value" : 18424.47
        },
        {
                "_id" : "RWF",
                "value" : 43299.96000000001
        },
        {
                "_id" : "MRO",
                "value" : 44471.31999999999
        },
        {
                "_id" : "SEK",
                "value" : 3706221.009999998
        },
        {
                "_id" : "RON",
                "value" : 11557.6
        },
        {
                "_id" : "TMT",
                "value" : 113099.62000000001
        },
        {
                "_id" : "BBD",
                "value" : 26720.5
        },
        {
                "_id" : "KZT",
                "value" : 584923.2
        },
        {
                "_id" : "NIO",
                "value" : 240664.87000000002
        },
        {
                "_id" : "MNT",
                "value" : 639977.4800000001
        },
        {
                "_id" : "MDL",
                "value" : 173318.72999999998
        },
        {
                "_id" : "JMD",
                "value" : 201447.70999999996
        },
        {
                "_id" : "KMF",
                "value" : 138004.69999999998
        },
        {
                "_id" : "MZN",
                "value" : 92068.64
        },
        {
                "_id" : "HTG",
                "value" : 215992.1300000001
        },
        {
                "_id" : "MAD",
                "value" : 510936.11000000004
        },
        {
                "_id" : "BND",
                "value" : 7782.66
        },
        {
                "_id" : "TZS",
                "value" : 603855.9900000001
        },
        {
                "_id" : "MMK",
                "value" : 223284.76
        },
        {
                "_id" : "AED",
                "value" : 52973.329999999994
        },
        {
                "_id" : "MYR",
                "value" : 666533.6499999999
        },
        {
                "_id" : "KPW",
                "value" : 222518.63000000003
        },
        {
                "_id" : "OMR",
                "value" : 87008.08
        },
        {
                "_id" : "IDR",
                "value" : 15619806.110000033
        },
        {
                "_id" : "ALL",
                "value" : 651597.87
        },
        {
                "_id" : "BSD",
                "value" : 55361.39
        },
        {
                "_id" : "XAF",
                "value" : 736336.7700000005
        },
        {
                "_id" : "NOK",
                "value" : 760113.6099999998
        },
        {
                "_id" : "MOP",
                "value" : 5337.77
        },
        {
                "_id" : "XCD",
                "value" : 168150.01
        },
        {
                "_id" : "AZN",
                "value" : 394880.17000000004
        },
        {
                "_id" : "LAK",
                "value" : 86305.04999999999
        },
        {
                "_id" : "PYG",
                "value" : 286515.48000000004
        },
        {
                "_id" : "GTQ",
                "value" : 588368.8500000001
        },
        {
                "_id" : "SYP",
                "value" : 501467.35000000003
        },
        {
                "_id" : "CVE",
                "value" : 46538.509999999995
        },
        {
                "_id" : "MUR",
                "value" : 182130.47999999998
        },
        {
                "_id" : "SBD",
                "value" : 9983
        },
        {
                "_id" : "ZAR",
                "value" : 932463.6599999998
        },
        {
                "_id" : "USD",
                "value" : 4086760.810000002
        },
        {
                "_id" : "TWD",
                "value" : 37654
        },
        {
                "_id" : "BMD",
                "value" : 5189
        },
        {
                "_id" : "SSP",
                "value" : 42256.53
        },
        {
                "_id" : "RUB",
                "value" : 8532474.090000002
        },
        {
                "_id" : "LKR",
                "value" : 225111.39000000007
        },
        {
                "_id" : "CLP",
                "value" : 388620.14
        },
        {
                "_id" : "BYR",
                "value" : 686489.8400000001
        },
        {
                "_id" : "DJF",
                "value" : 14734.27
        },
        {
                "_id" : "GEL",
                "value" : 157276.96000000002
        },
        {
                "_id" : "CHF",
                "value" : 108940.64000000001
        },
        {
                "_id" : "SGD",
                "value" : 12820.48
        },
        {
                "_id" : "STD",
                "value" : 4854.36
        },
        {
                "_id" : "PHP",
                "value" : 8223429.019999993
        },
        {
                "_id" : "HRK",
                "value" : 689403.5000000003
        },
        {
                "_id" : "ANG",
                "value" : 21354.39
        },
        {
                "_id" : "BHD",
                "value" : 22698.46
        },
        {
                "_id" : "CAD",
                "value" : 1973241.599999998
        },
        {
                "_id" : "MVR",
                "value" : 32068.85
        },
        {
                "_id" : "LYD",
                "value" : 197545.65000000005
        },
        {
                "_id" : "BIF",
                "value" : 45782.33
        },
        {
                "_id" : "UGX",
                "value" : 345203.24999999994
        },
        {
                "_id" : "PGK",
                "value" : 61445.27
        },
        {
                "_id" : "PEN",
                "value" : 2356548.019999999
        },
        {
                "_id" : "DOP",
                "value" : 534069.77
        },
        {
                "_id" : "ILS",
                "value" : 758807.6300000001
        },
        {
                "_id" : "AOA",
                "value" : 67582.8
        },
        {
                "_id" : "SLL",
                "value" : 116224.90000000001
        },
        {
                "_id" : "INR",
                "value" : 24172.94
        },
        {
                "_id" : "PAB",
                "value" : 363643.61000000016
        },
        {
                "_id" : "THB",
                "value" : 2084269.8799999992
        },
        {
                "_id" : "TTD",
                "value" : 44044.89
        },
        {
                "_id" : "PKR",
                "value" : 687770.5499999998
        },
        {
                "_id" : "ZMW",
                "value" : 160940.52999999997
        },
        {
                "_id" : "KRW",
                "value" : 433497.05999999994
        },
        {
                "_id" : "MWK",
                "value" : 88106.83000000002
        },
        {
                "_id" : "AUD",
                "value" : 242667.03000000003
        },
        {
                "_id" : "TND",
                "value" : 325755.9000000001
        },
        {
                "_id" : "LBP",
                "value" : 43326.06
        },
        {
                "_id" : "JOD",
                "value" : 210496.68000000005
        },
        {
                "_id" : "JPY",
                "value" : 2584824.8999999985
        },
        {
                "_id" : "GMD",
                "value" : 157963.90000000002
        },
        {
                "_id" : "MXN",
                "value" : 1547673.0899999994
        },
        {
                "_id" : "IRR",
                "value" : 804397.05
        },
        {
                "_id" : "SAR",
                "value" : 161706
        },
        {
                "_id" : "TJS",
                "value" : 177401.04999999996
        },
        {
                "_id" : "BWP",
                "value" : 146972.03999999998
        },
        {
                "_id" : "ETB",
                "value" : 269686.62000000005
        },
        {
                "_id" : "BGN",
                "value" : 496641.8299999998
        },
        {
                "_id" : "SOS",
                "value" : 82203.48
        },
        {
                "_id" : "KWD",
                "value" : 82506.07
        },
        {
                "_id" : "PLN",
                "value" : 5065738.360000009
        },
        {
                "_id" : "KGS",
                "value" : 176827.79
        },
        {
                "_id" : "KHR",
                "value" : 100447.58
        },
        {
                "_id" : "VUV",
                "value" : 23188.93
        },
        {
                "_id" : "QAR",
                "value" : 36358.92
        },
        {
                "_id" : "SCR",
                "value" : 14797.579999999998
        },
        {
                "_id" : "AMD",
                "value" : 602964.09
        },
        {
                "_id" : "MKD",
                "value" : 436912.00999999995
        },
        {
                "_id" : "VND",
                "value" : 1395639.1099999996
        },
        {
                "_id" : "CRC",
                "value" : 334544.06000000006
        },
        {
                "_id" : "KES",
                "value" : 269798.11000000004
        },
        {
                "_id" : "HUF",
                "value" : 165192.15999999997
        },
        {
                "_id" : "GHS",
                "value" : 83159.05
        },
        {
                "_id" : "HKD",
                "value" : 23023.02
        },
        {
                "_id" : "SZL",
                "value" : 59113.090000000004
        },
        {
                "_id" : "WST",
                "value" : 30739.640000000007
        },
        {
                "_id" : "UAH",
                "value" : 2505840.7200000007
        },
        {
                "_id" : "CDF",
                "value" : 178097.37000000002
        },
        {
                "_id" : "SRD",
                "value" : 19686.77
        },
        {
                "_id" : "IQD",
                "value" : 167531.82
        },
        {
                "_id" : "GNF",
                "value" : 73222.47999999998
        },
        {
                "_id" : "NZD",
                "value" : 338447.5399999999
        },
        {
                "_id" : "ARS",
                "value" : 1940347.2400000012
        },
        {
                "_id" : "DZD",
                "value" : 12166.2
        },
        {
                "_id" : "RSD",
                "value" : 817403.5399999998
        },
        {
                "_id" : "GYD",
                "value" : 13053.5
        },
        {
                "_id" : "CZK",
                "value" : 2644211.160000004
        },
        {
                "_id" : "CUP",
                "value" : 514413.87999999983
        },
        {
                "_id" : "NGN",
                "value" : 1282147.140000001
        },
        {
                "_id" : "UZS",
                "value" : 330309.6099999999
        },
        {
                "_id" : "YER",
                "value" : 583657.3799999998
        },
        {
                "_id" : "XPF",
                "value" : 132926.00999999998
        },
        {
                "_id" : "MGA",
                "value" : 377675.55000000005
        },
        {
                "_id" : "KYD",
                "value" : 16809.66
        },
        {
                "_id" : "ISK",
                "value" : 39048.74
        },
        {
                "_id" : "COP",
                "value" : 1976194.7899999996
        },
        {
                "_id" : "BOB",
                "value" : 257433.54000000004
        },
        {
                "_id" : "BRL",
                "value" : 5609899.999999995
        }
]